source,count,mean,std,min,25%,50%,75%,max
test,332.0,30.272590361445783,14.18120923562442,0.17,21.0,27.0,39.0,76.0
train,714.0,29.69911764705882,14.526497332334044,0.42,20.125,28.0,38.0,80.0
