source,count,mean,std,min,25%,50%,75%,max
test,417.0,35.627188489208635,55.90757617997383,0.0,7.8958,14.4542,31.5,512.3292
train,891.0,32.204207968574636,49.693428597180905,0.0,7.9104,14.4542,31.0,512.3292
